{"reg_file" : "/home/users/sw825517/Documents/ukv_data/prodm_op_ukv_20230419_12_000.pp",
  "orog_file" : "/home/users/sw825517/Documents/ukv_data/prods_op_ukv_20230419_12_000.pp",
  "h" : 12,
  "orog_h" : 12,
  "map_bottomleft" : [-11.75, 51],
  "map_topright" : [-4.25, 55.5],
  "map_height" : 2000,
  "max_height" : 5000,
  "interp_bottomleft" : [-7.26, 53.76],
  "interp_topright" : [-5.79, 54.52],
  "gc_start" : [-5.97, 54],
  "gc_end" : [-7.2, 54.35],
  "n" : 200,
  "RH_level" : 0.95,
  "cmap" : "brewer_PuOr_11",
  "sat_file" : "C:/Users/sw825517/OneDrive - University of Reading/research/code/eumetsat/data/MSG3-SEVI-MSG15-0100-NA-20230419115741.383000000Z-NA/MSG3-SEVI-MSG15-0100-NA-20230419115741.383000000Z-NA.nat"
}